create database almacenWeb;
use almacenWeb; 

-- Tabla Clientes
 CREATE TABLE clientes(
 codigo VARCHAR(6) PRIMARY KEY,
 nif VARCHAR(9),
 apellidos VARCHAR(35),
 nombre VARCHAR(15),
 domicilio VARCHAR(40),
 cp VARCHAR(5),
 localidad VARCHAR(20),
 telefono VARCHAR(9),
 movil VARCHAR(9),
 fax VARCHAR(9),
 email VARCHAR(20),
 total_ventas FLOAT
 );

-- Tabla Provedores
CREATE TABLE proveedores(
 codigo VARCHAR(6) PRIMARY KEY,
 nif VARCHAR(9),
 apellidos VARCHAR(35),
 nombre VARCHAR(15),
 domicilio VARCHAR(40),
 cp VARCHAR(5),
 localidad VARCHAR(20),
 telefono VARCHAR(9),
 movil VARCHAR(9),
 fax VARCHAR(9),
 email VARCHAR(20),
 total_compras FLOAT
 );
 
 -- Tabla Articulo
 CREATE TABLE articulos(
 codigo VARCHAR(6) PRIMARY KEY,
 descripcion VARCHAR(25),
 stock FLOAT,
 stockMinimo FLOAT,
 precioCompra FLOAT,
 precioVenta FLOAT
 );
 
 -- Tabla Historica
 CREATE TABLE historica (
	cliente varchar(6) NULL,
	proveedor varchar(6) NULL,
	articulo varchar(6) NULL,
	unidades FLOAT NULL,
	fecha DATE NULL,
	CONSTRAINT historica_clientes_fk FOREIGN KEY (cliente) REFERENCES almacen.clientes(codigo),
	CONSTRAINT historica_articulos_fk FOREIGN KEY (articulo) REFERENCES almacen.articulos(codigo),
	CONSTRAINT historica_proveedores_fk FOREIGN KEY (proveedor) REFERENCES almacen.proveedores(codigo)
);

 -- Tabla PedidoInternet
 CREATE TABLE pedidosInternet(
 cliente VARCHAR(6) NULL,
 articulo VARCHAR(6) NULL,
 unidades FLOAT NULL,
 fecha DATE NULL
 );

 -- Clientes
INSERT INTO clientes VALUES ('000001','70000001L','Cuerva','Borja','Real','28400','Villalba','91897080','','687489634','',0);
INSERT INTO clientes VALUES ('000002','70000002L','Barbero','Carlos','Madrid','28400','Villalba','91897083','','','asdasd@gmail.com',0);
INSERT INTO clientes VALUES ('000003','70000003L','Garcia','Pedro','Real','28400','Villalba','91897084','','','asdddasd@gmail.com',0);
 
 -- Proveedores
INSERT INTO proveedores VALUES ('000001','70000001L','Cuerva','Borja','Real','28400','Villalba','91897082','','687489634','asdasdasd@gmail.com',0);
INSERT INTO proveedores VALUES ('000002','70000002L','Martinez','David','Madrid','28220','Escorial','91897083','','','asdassssdasd@gmail.com',0);
INSERT INTO proveedores VALUES ('000003','70000003L','Garcia','Miguel','Los pastores','28040','Madrid','91897084','','','asdadddsdasd@gmail.com',0);

 -- Articulos
INSERT INTO articulos VALUES ('000001','Naranjas',10,5,5,10);
INSERT INTO articulos VALUES ('000002','Peras',20,2,10,20);
INSERT INTO articulos VALUES ('000003','Limones',30,3,1,2);

--pedidosInternet
insert into pedidosinternet values('000001','000001',7,'2020-02-10');
insert into pedidosinternet values('000001','000001',1,'2020-02-10');
insert into pedidosinternet values('000001','000002',2,'2020-02-11');
insert into pedidosinternet values('000001','000003',10,'2020-02-11');
insert into pedidosinternet values('000001','000003',5,'2020-02-12');
insert into pedidosinternet values('000001','000001',4,'2020-02-19');
insert into pedidosinternet values('000001','000002',3,'2020-02-19');

